INSERT INTO RESTAURANTE (ID, NOME) VALUES (1, 'Restaurante da Dona Florinda');
INSERT INTO RESTAURANTE (ID, NOME) VALUES (2, 'Siri Cascudo');
INSERT INTO RESTAURANTE (ID, NOME) VALUES (3, 'Pizza Planet');

INSERT INTO CARDAPIO (ID, RESTAURANTE_ID) VALUES (1, 1);
INSERT INTO CARDAPIO (ID, RESTAURANTE_ID) VALUES (2, 2);
INSERT INTO CARDAPIO (ID, RESTAURANTE_ID) VALUES (3, 3);

INSERT INTO SEGMENTO (ID, TIPO) VALUES (1, 'ENTRADA');
INSERT INTO SEGMENTO (ID, TIPO) VALUES (2, 'BEBIDA');
INSERT INTO SEGMENTO (ID, TIPO) VALUES (3, 'SOBREMESA');
INSERT INTO SEGMENTO (ID, TIPO) VALUES (4, 'MASSA');
INSERT INTO SEGMENTO (ID, TIPO) VALUES (5, 'HAMBURGER');
INSERT INTO SEGMENTO (ID, TIPO) VALUES (6, 'PIZZA');

-- DONA FLORINDA
INSERT INTO CARDAPIO_SEGMENTOS (CARDAPIO_ID, SEGMENTOS_ID) VALUES (1, 1);
INSERT INTO CARDAPIO_SEGMENTOS (CARDAPIO_ID, SEGMENTOS_ID) VALUES (1, 2);
INSERT INTO CARDAPIO_SEGMENTOS (CARDAPIO_ID, SEGMENTOS_ID) VALUES (1, 3);
INSERT INTO CARDAPIO_SEGMENTOS (CARDAPIO_ID, SEGMENTOS_ID) VALUES (1, 4);

INSERT INTO ITEM (ID, NOME, VALOR) VALUES (1, 'Salada temperada', 9.99);
INSERT INTO ITEM (ID, NOME, VALOR) VALUES (2, 'Suco de laranja', 6.99);
INSERT INTO ITEM (ID, NOME, VALOR) VALUES (3, 'Pudim', 5.99);

INSERT INTO SEGMENTO_ITENS (ITENS_ID, SEGMENTO_ID) VALUES (1, 1);  
INSERT INTO SEGMENTO_ITENS (ITENS_ID, SEGMENTO_ID) VALUES (2, 2);
INSERT INTO SEGMENTO_ITENS (ITENS_ID, SEGMENTO_ID) VALUES (3, 3);

-- SIRI CASCUDO
INSERT INTO CARDAPIO_SEGMENTOS (CARDAPIO_ID, SEGMENTOS_ID) VALUES (2, 1);
INSERT INTO CARDAPIO_SEGMENTOS (CARDAPIO_ID, SEGMENTOS_ID) VALUES (2, 2);
INSERT INTO CARDAPIO_SEGMENTOS (CARDAPIO_ID, SEGMENTOS_ID) VALUES (2, 3);
INSERT INTO CARDAPIO_SEGMENTOS (CARDAPIO_ID, SEGMENTOS_ID) VALUES (2, 5);

INSERT INTO ITEM (ID, NOME, VALOR) VALUES (4, 'Porção de ostras', 16.99);
INSERT INTO ITEM (ID, NOME, VALOR) VALUES (5, 'Suco de algas', 9.99);
INSERT INTO ITEM (ID, NOME, VALOR) VALUES (6, 'Doce de Estrela do mar', 5.99);
INSERT INTO ITEM (ID, NOME, VALOR) VALUES (7, 'Hambuerguer de Siri', 15.99);

INSERT INTO SEGMENTO_ITENS (ITENS_ID, SEGMENTO_ID) VALUES (4, 1);  
INSERT INTO SEGMENTO_ITENS (ITENS_ID, SEGMENTO_ID) VALUES (5, 2);
INSERT INTO SEGMENTO_ITENS (ITENS_ID, SEGMENTO_ID) VALUES (6, 3);
INSERT INTO SEGMENTO_ITENS (ITENS_ID, SEGMENTO_ID) VALUES (7, 5);

-- PIZZA PLANET
INSERT INTO CARDAPIO_SEGMENTOS (CARDAPIO_ID, SEGMENTOS_ID) VALUES (3, 1);
INSERT INTO CARDAPIO_SEGMENTOS (CARDAPIO_ID, SEGMENTOS_ID) VALUES (3, 2);
INSERT INTO CARDAPIO_SEGMENTOS (CARDAPIO_ID, SEGMENTOS_ID) VALUES (3, 3);
INSERT INTO CARDAPIO_SEGMENTOS (CARDAPIO_ID, SEGMENTOS_ID) VALUES (3, 6);

INSERT INTO ITEM (ID, NOME, VALOR) VALUES (8, 'Porção de fritas', 10.99);
INSERT INTO ITEM (ID, NOME, VALOR) VALUES (9, 'Soda italiana', 8.99);
INSERT INTO ITEM (ID, NOME, VALOR) VALUES (10, 'Doce de leite', 6.99);
INSERT INTO ITEM (ID, NOME, VALOR) VALUES (11, 'Pizza de Frango', 33.99);

INSERT INTO SEGMENTO_ITENS (ITENS_ID, SEGMENTO_ID) VALUES (8, 1);  
INSERT INTO SEGMENTO_ITENS (ITENS_ID, SEGMENTO_ID) VALUES (9, 2);
INSERT INTO SEGMENTO_ITENS (ITENS_ID, SEGMENTO_ID) VALUES (10, 3);
INSERT INTO SEGMENTO_ITENS (ITENS_ID, SEGMENTO_ID) VALUES (11, 6);
                                      